"0","library(DT)"
"0","library(flexdashboard)"
"0","library(shiny)"
"2","
Attaching package: ‘shiny’

"
"2","The following objects are masked from ‘package:DT’:

    dataTableOutput, renderDataTable

"
"0","library(htmlwidgets)"
"0","library(dygraphs)"
"0","library(tidyverse)"
"0","library(dplyr)"
"0","library(plotly)"
"2","
Attaching package: ‘plotly’

"
"2","The following object is masked from ‘package:ggplot2’:

    last_plot

"
"2","The following object is masked from ‘package:stats’:

    filter

"
"2","The following object is masked from ‘package:graphics’:

    layout

"
